{"multigraph": false, "adjacency": [[{"weight": 562.7659574468086, "families": 23.0, "languages": 38.0, "id": "flay, skin", "edge_width": 9.0765306122448983}], [{"weight": 562.7659574468086, "families": 23.0, "languages": 38.0, "id": "peel", "edge_width": 9.0765306122448983}]], "directed": false, "graph": [], "nodes": [{"key": "5.46", "id": "peel", "community": 153, "body_part": 0, "swadesh100": 0, "out_edge": [["cluster_179_sweep", "scrape", 5.0, 21.551724137931032], ["cluster_1_fur", "skin, hide", 4.0, 13.333333333333334]]}, {"key": "9.29", "id": "flay, skin", "community": 153, "body_part": 0, "swadesh100": 0, "out_edge": [["cluster_1_fur", "leather", 5.0, 22.727272727272727]]}]}