{"multigraph": false, "adjacency": [[{"weight": 347.11538461538464, "families": 19.0, "languages": 23.0, "id": "thin (in dimension)", "edge_width": 6.1836734693877542}], [{"weight": 347.11538461538464, "families": 19.0, "languages": 23.0, "id": "narrow", "edge_width": 6.1836734693877542}]], "directed": false, "graph": [], "nodes": [{"key": "12.62", "id": "narrow", "community": 171, "body_part": 0, "swadesh100": 0, "out_edge": [["cluster_99_some", "small, little", 6.0, 30.252100840336134]]}, {"key": "12.65", "id": "thin (in dimension)", "community": 171, "body_part": 0, "swadesh100": 0, "out_edge": [["cluster_36_low", "shallow", 5.0, 22.727272727272727], ["cluster_98_soft", "weak", 4.0, 13.675213675213676]]}]}