{
    "directed": false, 
    "adjacency": [
        [
            {
                "weight": 55.65217391304348, 
                "normalized_weight": 55.65217391304348, 
                "languages": 15.0, 
                "families": 8.0, 
                "edge_width": 0.98469387755102034, 
                "id": "extinguish"
            }, 
            {
                "weight": 404.04040404040404, 
                "normalized_weight": 404.04040404040404, 
                "languages": 30.0, 
                "families": 20.0, 
                "edge_width": 4.3775510204081627, 
                "id": "murder"
            }
        ], 
        [
            {
                "weight": 55.65217391304348, 
                "normalized_weight": 55.65217391304348, 
                "languages": 15.0, 
                "families": 8.0, 
                "edge_width": 0.98469387755102034, 
                "id": "kill"
            }, 
            {
                "weight": 14.545454545454545, 
                "normalized_weight": 14.545454545454545, 
                "languages": 5.0, 
                "families": 4.0, 
                "edge_width": 0.59693877551020402, 
                "id": "murder"
            }
        ], 
        [
            {
                "weight": 404.04040404040404, 
                "normalized_weight": 404.04040404040404, 
                "languages": 30.0, 
                "families": 20.0, 
                "edge_width": 4.3775510204081627, 
                "id": "kill"
            }, 
            {
                "weight": 14.545454545454545, 
                "normalized_weight": 14.545454545454545, 
                "languages": 5.0, 
                "families": 4.0, 
                "edge_width": 0.59693877551020402, 
                "id": "extinguish"
            }
        ]
    ], 
    "multigraph": false, 
    "nodes": [
        {
            "key": "4.76", 
            "swadesh100": 1.0, 
            "frequency": 282.0, 
            "languages": 1.0, 
            "out_edge": [
                [
                    "cluster_85_strike (hit, beat)", 
                    "strike (hit, beat)", 
                    8.0, 
                    54.700854700854705
                ], 
                [
                    "cluster_124_stab", 
                    "stab", 
                    4.0, 
                    13.675213675213676
                ], 
                [
                    "cluster_88_anger", 
                    "fight (vb)", 
                    4.0, 
                    13.223140495867769
                ]
            ], 
            "label": "kill", 
            "concept": "kill", 
            "weight": 1.0, 
            "body_part": 0.0, 
            "community": 110, 
            "normalized_weight": 0.7936507936507936, 
            "families": 1.0, 
            "id": "kill"
        }, 
        {
            "key": "1.861", 
            "swadesh100": 0.0, 
            "frequency": 258.0, 
            "languages": 1.0, 
            "out_edge": [], 
            "label": "extinguish", 
            "concept": "extinguish", 
            "weight": 1.0, 
            "body_part": 0.0, 
            "community": 110, 
            "normalized_weight": 0.847457627118644, 
            "families": 1.0, 
            "id": "extinguish"
        }, 
        {
            "key": "21.42", 
            "swadesh100": 0.0, 
            "frequency": 228.0, 
            "languages": 1.0, 
            "out_edge": [], 
            "label": "murder", 
            "concept": "murder", 
            "weight": 1.0, 
            "body_part": 0.0, 
            "community": 110, 
            "normalized_weight": 0.8695652173913043, 
            "families": 1.0, 
            "id": "murder"
        }
    ], 
    "graph": []
}