{
    "directed": false, 
    "adjacency": [
        [
            {
                "weight": 13.333333333333334, 
                "normalized_weight": 13.333333333333334, 
                "languages": 7.0, 
                "families": 4.0, 
                "edge_width": 0.59693877551020402, 
                "id": "he/she/it"
            }, 
            {
                "weight": 108.03571428571428, 
                "normalized_weight": 108.03571428571428, 
                "languages": 20.0, 
                "families": 11.0, 
                "edge_width": 1.4693877551020407, 
                "id": "they"
            }
        ], 
        [
            {
                "weight": 108.03571428571428, 
                "normalized_weight": 108.03571428571428, 
                "languages": 20.0, 
                "families": 11.0, 
                "edge_width": 1.4693877551020407, 
                "id": "he/she/it"
            }, 
            {
                "weight": 0.8264462809917356, 
                "normalized_weight": 0.8264462809917356, 
                "languages": 1.0, 
                "families": 1.0, 
                "edge_width": 0.5, 
                "id": "they"
            }
        ]
    ], 
    "multigraph": false, 
    "nodes": [
        {
            "key": "2.93", 
            "swadesh100": 0.0, 
            "frequency": 405.0, 
            "languages": 1.0, 
            "out_edge": [], 
            "label": "he/she/it", 
            "concept": "he/she/it", 
            "weight": 1.0, 
            "body_part": 0.0, 
            "community": 217, 
            "normalized_weight": 0.8130081300813009, 
            "families": 1.0, 
            "id": "he/she/it"
        }, 
        {
            "key": "2.96", 
            "swadesh100": 0.0, 
            "frequency": 302.0, 
            "languages": 1.0, 
            "out_edge": [], 
            "label": "they", 
            "concept": "they", 
            "weight": 1.0, 
            "body_part": 0.0, 
            "community": 217, 
            "normalized_weight": 0.8264462809917356, 
            "families": 1.0, 
            "id": "they"
        }
    ], 
    "graph": []
}