{"multigraph": false, "adjacency": [[{"weight": 321.11111111111114, "families": 17.0, "languages": 32.0, "id": "place", "edge_width": 5.908163265306122}], [{"weight": 321.11111111111114, "families": 17.0, "languages": 32.0, "id": "after", "edge_width": 5.908163265306122}]], "directed": false, "graph": [], "nodes": [{"key": "12.1", "id": "after", "community": 135, "body_part": 0, "swadesh100": 0, "out_edge": []}, {"key": "12.11", "id": "place", "community": 135, "body_part": 0, "swadesh100": 0, "out_edge": [["cluster_2_country", "earth, land", 8.0, 53.78151260504202], ["cluster_35_finish", "last", 6.0, 31.30434782608696], ["cluster_2_country", "country", 5.0, 23.14814814814815]]}]}