{"graph": [], "nodes": [{"swadesh100": 0, "out_edge": [], "body_part": 0, "key": "12.1", "community": 135, "id": "after"}, {"swadesh100": 0, "out_edge": [["cluster_2_country", "earth, land", 8.0, 53.78151260504202, "country"], ["cluster_35_finish", "last", 6.0, 31.30434782608696, "finish"], ["cluster_2_country", "country", 5.0, 23.14814814814815, "country"], ["cluster_2_country", "earth=ground, soil", 5.0, 20.833333333333336, "country"], ["cluster_157_shoulder", "back", 5.0, 20.32520325203252, "shoulder"], ["cluster_15_leg", "buttocks", 4.0, 13.333333333333334, "leg"]], "body_part": 0, "key": "12.11", "community": 135, "id": "place"}], "adjacency": [[{"languages": 32.0, "edge_width": 5.908163265306122, "weight": 321.11111111111114, "families": 17.0, "id": "place"}], [{"languages": 32.0, "edge_width": 5.908163265306122, "weight": 321.11111111111114, "families": 17.0, "id": "after"}]], "multigraph": false, "directed": false}