{
    "adjacency": [
        [
            {
                "normalized_weight": 0.9900990099009901, 
                "id": "button", 
                "languages": 1.0, 
                "weight": 0.9900990099009901, 
                "families": 1.0, 
                "edge_width": 1.0
            }, 
            {
                "normalized_weight": 13.91304347826087, 
                "id": "knot (noun)", 
                "languages": 6.0, 
                "weight": 13.91304347826087, 
                "families": 4.0, 
                "edge_width": 1.0
            }
        ], 
        [
            {
                "normalized_weight": 13.91304347826087, 
                "id": "tie, bind", 
                "languages": 6.0, 
                "weight": 13.91304347826087, 
                "families": 4.0, 
                "edge_width": 1.0
            }, 
            {
                "normalized_weight": 17.582417582417584, 
                "id": "button", 
                "languages": 4.0, 
                "weight": 17.582417582417584, 
                "families": 4.0, 
                "edge_width": 1.0
            }
        ], 
        [
            {
                "normalized_weight": 0.9900990099009901, 
                "id": "tie, bind", 
                "languages": 1.0, 
                "weight": 0.9900990099009901, 
                "families": 1.0, 
                "edge_width": 1.0
            }, 
            {
                "normalized_weight": 17.582417582417584, 
                "id": "knot (noun)", 
                "languages": 4.0, 
                "weight": 17.582417582417584, 
                "families": 4.0, 
                "edge_width": 1.0
            }
        ]
    ], 
    "nodes": [
        {
            "out_edge": [
                [
                    "cluster_46_pick up", 
                    "join, unite", 
                    5.0, 
                    22.321428571428573
                ], 
                [
                    "cluster_74_twist", 
                    "wind, wrap", 
                    5.0, 
                    21.1864406779661
                ], 
                [
                    "cluster_149_shut, close", 
                    "shut, close", 
                    4.0, 
                    13.675213675213676
                ]
            ], 
            "id": "tie, bind", 
            "frequency": 312.0, 
            "languages": 1.0, 
            "key": "9.16", 
            "swadesh100": 0.0, 
            "normalized_weight": 0.8130081300813009, 
            "body_part": 0.0, 
            "label": "tie, bind", 
            "community": 229, 
            "concept": "tie, bind", 
            "weight": 1.0, 
            "families": 1.0
        }, 
        {
            "out_edge": [], 
            "id": "knot (noun)", 
            "frequency": 241.0, 
            "languages": 1.0, 
            "key": "9.192", 
            "swadesh100": 0.0, 
            "normalized_weight": 1.0, 
            "body_part": 0.0, 
            "label": "knot (noun)", 
            "community": 229, 
            "concept": "knot (noun)", 
            "weight": 1.0, 
            "families": 1.0
        }, 
        {
            "id": "button", 
            "frequency": 194.0, 
            "out_edge": [], 
            "key": "6.62", 
            "swadesh100": 0.0, 
            "body_part": 0.0, 
            "label": "button", 
            "community": 229, 
            "concept": "button"
        }
    ], 
    "graph": [], 
    "directed": false, 
    "multigraph": false
}