{
    "directed": false, 
    "adjacency": [
        [
            {
                "weight": 1.0526315789473684, 
                "normalized_weight": 1.0526315789473684, 
                "languages": 1.0, 
                "families": 1.0, 
                "edge_width": 0.5, 
                "id": "fish poison (root)"
            }, 
            {
                "weight": 82.6530612244898, 
                "normalized_weight": 82.6530612244898, 
                "languages": 11.0, 
                "families": 9.0, 
                "edge_width": 1.2755102040816326, 
                "id": "poison"
            }
        ], 
        [
            {
                "weight": 1.0526315789473684, 
                "normalized_weight": 1.0526315789473684, 
                "languages": 1.0, 
                "families": 1.0, 
                "edge_width": 0.5, 
                "id": "medicine, drug"
            }, 
            {
                "weight": 81.0126582278481, 
                "normalized_weight": 81.0126582278481, 
                "languages": 11.0, 
                "families": 8.0, 
                "edge_width": 1.2755102040816326, 
                "id": "poison"
            }
        ], 
        [
            {
                "weight": 82.6530612244898, 
                "normalized_weight": 82.6530612244898, 
                "languages": 11.0, 
                "families": 9.0, 
                "edge_width": 1.2755102040816326, 
                "id": "medicine, drug"
            }, 
            {
                "weight": 81.0126582278481, 
                "normalized_weight": 81.0126582278481, 
                "languages": 11.0, 
                "families": 8.0, 
                "edge_width": 1.2755102040816326, 
                "id": "fish poison (root)"
            }
        ]
    ], 
    "multigraph": false, 
    "nodes": [
        {
            "key": "4.88", 
            "swadesh100": 0.0, 
            "frequency": 282.0, 
            "languages": 2.0, 
            "out_edge": [
                [
                    "cluster_64_butter", 
                    "ointment", 
                    6.0, 
                    37.89473684210527
                ]
            ], 
            "label": "medicine, drug", 
            "concept": "medicine, drug", 
            "weight": 2.0, 
            "body_part": 0.0, 
            "community": 176, 
            "normalized_weight": 3.508771929824561, 
            "families": 2.0, 
            "id": "medicine, drug"
        }, 
        {
            "key": "8.96", 
            "swadesh100": 0.0, 
            "frequency": 94.0, 
            "languages": 1.0, 
            "out_edge": [], 
            "label": "fish poison (root)", 
            "concept": "fish poison (root)", 
            "weight": 1.0, 
            "body_part": 0.0, 
            "community": 176, 
            "normalized_weight": 1.0526315789473684, 
            "families": 1.0, 
            "id": "fish poison (root)"
        }, 
        {
            "key": "4.89", 
            "swadesh100": 0.0, 
            "frequency": 244.0, 
            "languages": 1.0, 
            "out_edge": [], 
            "label": "poison", 
            "concept": "poison", 
            "weight": 1.0, 
            "body_part": 0.0, 
            "community": 176, 
            "normalized_weight": 0.9433962264150944, 
            "families": 1.0, 
            "id": "poison"
        }
    ], 
    "graph": []
}