{
    "adjacency": [
        [
            {
                "normalized_weight": 21.367521367521366, 
                "id": "shoot", 
                "languages": 5.0, 
                "weight": 21.367521367521366, 
                "families": 5.0, 
                "edge_width": 1.1451612903225807
            }, 
            {
                "normalized_weight": 30.76923076923077, 
                "id": "seek, look for", 
                "languages": 6.0, 
                "weight": 30.76923076923077, 
                "families": 6.0, 
                "edge_width": 1.1451612903225807
            }
        ], 
        [
            {
                "normalized_weight": 15.384615384615385, 
                "id": "throw", 
                "languages": 4.0, 
                "weight": 15.384615384615385, 
                "families": 4.0, 
                "edge_width": 1.0
            }
        ], 
        [
            {
                "normalized_weight": 21.367521367521366, 
                "id": "hunt", 
                "languages": 5.0, 
                "weight": 21.367521367521366, 
                "families": 5.0, 
                "edge_width": 1.1451612903225807
            }, 
            {
                "normalized_weight": 89.28571428571429, 
                "id": "throw", 
                "languages": 19.0, 
                "weight": 89.28571428571429, 
                "families": 10.0, 
                "edge_width": 1.5806451612903225
            }
        ], 
        [
            {
                "normalized_weight": 30.76923076923077, 
                "id": "hunt", 
                "languages": 6.0, 
                "weight": 30.76923076923077, 
                "families": 6.0, 
                "edge_width": 1.1451612903225807
            }
        ], 
        [
            {
                "normalized_weight": 15.384615384615385, 
                "id": "divorce", 
                "languages": 4.0, 
                "weight": 15.384615384615385, 
                "families": 4.0, 
                "edge_width": 1.0
            }, 
            {
                "normalized_weight": 89.28571428571429, 
                "id": "shoot", 
                "languages": 19.0, 
                "weight": 89.28571428571429, 
                "families": 10.0, 
                "edge_width": 1.5806451612903225
            }
        ]
    ], 
    "nodes": [
        {
            "out_edge": [
                [
                    "cluster_167_follow", 
                    "pursue", 
                    4.0, 
                    14.285714285714285
                ], 
                [
                    "cluster_3_get, obtain", 
                    "seize, grasp", 
                    4.0, 
                    13.559322033898304
                ]
            ], 
            "id": "hunt", 
            "frequency": 257.0, 
            "languages": 1.0, 
            "key": "20.61", 
            "swadesh100": 0.0, 
            "normalized_weight": 0.8547008547008548, 
            "body_part": 0.0, 
            "label": "hunt", 
            "community": 138, 
            "concept": "hunt", 
            "weight": 1.0, 
            "families": 1.0
        }, 
        {
            "out_edge": [], 
            "id": "divorce", 
            "frequency": 209.0, 
            "languages": 2.0, 
            "key": "2.341", 
            "swadesh100": 0.0, 
            "normalized_weight": 4.0, 
            "body_part": 0.0, 
            "label": "divorce", 
            "community": 138, 
            "concept": "divorce", 
            "weight": 2.0, 
            "families": 2.0
        }, 
        {
            "out_edge": [
                [
                    "cluster_85_strike (hit, beat)", 
                    "strike (hit, beat)", 
                    5.0, 
                    21.551724137931032
                ]
            ], 
            "id": "shoot", 
            "frequency": 293.0, 
            "languages": 1.0, 
            "key": "20.62", 
            "swadesh100": 0.0, 
            "normalized_weight": 0.8928571428571428, 
            "body_part": 0.0, 
            "label": "shoot", 
            "community": 138, 
            "concept": "shoot", 
            "weight": 1.0, 
            "families": 1.0
        }, 
        {
            "id": "seek, look for", 
            "frequency": 267.0, 
            "out_edge": [], 
            "key": "11.31", 
            "swadesh100": 0.0, 
            "body_part": 0.0, 
            "label": "seek, look for", 
            "community": 138, 
            "concept": "seek, look for"
        }, 
        {
            "out_edge": [
                [
                    "cluster_31_sow", 
                    "sow", 
                    4.0, 
                    16.0
                ], 
                [
                    "cluster_9_cut", 
                    "cut down", 
                    4.0, 
                    13.793103448275861
                ]
            ], 
            "id": "throw", 
            "frequency": 320.0, 
            "languages": 1.0, 
            "key": "10.25", 
            "swadesh100": 0.0, 
            "normalized_weight": 0.9174311926605505, 
            "body_part": 0.0, 
            "label": "throw", 
            "community": 138, 
            "concept": "throw", 
            "weight": 1.0, 
            "families": 1.0
        }
    ], 
    "graph": [], 
    "directed": false, 
    "multigraph": false
}