{
    "adjacency": [
        [
            {
                "languages": 23.0, 
                "id": "narrow", 
                "edge_width": 2.5882352941176472, 
                "weight": 347.11538461538464, 
                "families": 19.0
            }
        ], 
        [
            {
                "languages": 23.0, 
                "id": "thin (in dimension)", 
                "edge_width": 2.5882352941176472, 
                "weight": 347.11538461538464, 
                "families": 19.0
            }
        ]
    ], 
    "directed": false, 
    "multigraph": false, 
    "nodes": [
        {
            "swadesh100": 0, 
            "body_part": 0, 
            "out_edge": [
                [
                    "cluster_36_inside, in", 
                    "shallow", 
                    5.0, 
                    22.727272727272727
                ], 
                [
                    "cluster_98_soft", 
                    "weak", 
                    4.0, 
                    13.675213675213676
                ]
            ], 
            "community": 171, 
            "id": "thin (in dimension)", 
            "key": "12.65"
        }, 
        {
            "swadesh100": 0, 
            "body_part": 0, 
            "out_edge": [
                [
                    "cluster_99_some", 
                    "small, little", 
                    6.0, 
                    30.252100840336134
                ]
            ], 
            "community": 171, 
            "id": "narrow", 
            "key": "12.62"
        }
    ], 
    "graph": []
}