{
    "adjacency": [
        [
            {
                "languages": 66.0, 
                "id": "have", 
                "edge_width": 5.7647058823529411, 
                "weight": 967.9012345679013, 
                "families": 28.0
            }
        ], 
        [
            {
                "languages": 66.0, 
                "id": "own, possess", 
                "edge_width": 5.7647058823529411, 
                "weight": 967.9012345679013, 
                "families": 28.0
            }
        ]
    ], 
    "directed": false, 
    "multigraph": false, 
    "nodes": [
        {
            "swadesh100": 0, 
            "body_part": 0, 
            "out_edge": [
                [
                    "cluster_49_preserve, look after", 
                    "keep, retain", 
                    9.0, 
                    83.50515463917526
                ], 
                [
                    "cluster_3_get, obtain", 
                    "hold", 
                    9.0, 
                    81.0
                ], 
                [
                    "cluster_69_king, ruler", 
                    "master", 
                    4.0, 
                    16.3265306122449
                ]
            ], 
            "community": 116, 
            "id": "own, possess", 
            "key": "11.12"
        }, 
        {
            "swadesh100": 0, 
            "body_part": 0, 
            "out_edge": [
                [
                    "cluster_3_get, obtain", 
                    "hold", 
                    9.0, 
                    78.64077669902912
                ], 
                [
                    "cluster_49_preserve, look after", 
                    "keep, retain", 
                    8.0, 
                    63.366336633663366
                ], 
                [
                    "cluster_23_bring", 
                    "carry-in-hand", 
                    4.0, 
                    15.841584158415841
                ]
            ], 
            "community": 116, 
            "id": "have", 
            "key": "11.11"
        }
    ], 
    "graph": []
}