{
    "directed": false, 
    "adjacency": [
        [
            {
                "weight": 7.894736842105263, 
                "normalized_weight": 7.894736842105263, 
                "languages": 3.0, 
                "families": 3.0, 
                "edge_width": 0.5, 
                "id": "elbow"
            }
        ], 
        [
            {
                "weight": 7.894736842105263, 
                "normalized_weight": 7.894736842105263, 
                "languages": 3.0, 
                "families": 3.0, 
                "edge_width": 0.5, 
                "id": "corner"
            }, 
            {
                "weight": 13.114754098360656, 
                "normalized_weight": 13.114754098360656, 
                "languages": 4.0, 
                "families": 4.0, 
                "edge_width": 0.59693877551020402, 
                "id": "knee"
            }, 
            {
                "weight": 0.8333333333333334, 
                "normalized_weight": 0.8333333333333334, 
                "languages": 1.0, 
                "families": 1.0, 
                "edge_width": 0.5, 
                "id": "armpit"
            }
        ], 
        [
            {
                "weight": 3.361344537815126, 
                "normalized_weight": 3.361344537815126, 
                "languages": 2.0, 
                "families": 2.0, 
                "edge_width": 0.5, 
                "id": "knee"
            }
        ], 
        [
            {
                "weight": 13.114754098360656, 
                "normalized_weight": 13.114754098360656, 
                "languages": 4.0, 
                "families": 4.0, 
                "edge_width": 0.59693877551020402, 
                "id": "elbow"
            }, 
            {
                "weight": 3.361344537815126, 
                "normalized_weight": 3.361344537815126, 
                "languages": 2.0, 
                "families": 2.0, 
                "edge_width": 0.5, 
                "id": "kneel"
            }
        ], 
        [
            {
                "weight": 0.8333333333333334, 
                "normalized_weight": 0.8333333333333334, 
                "languages": 1.0, 
                "families": 1.0, 
                "edge_width": 0.5, 
                "id": "elbow"
            }
        ]
    ], 
    "multigraph": false, 
    "nodes": [
        {
            "key": "12.76", 
            "swadesh100": 0.0, 
            "frequency": 244.0, 
            "languages": 1.0, 
            "out_edge": [], 
            "label": "corner", 
            "concept": "corner", 
            "weight": 1.0, 
            "body_part": 0.0, 
            "community": 212, 
            "normalized_weight": 0.9090909090909091, 
            "families": 1.0, 
            "id": "corner"
        }, 
        {
            "key": "4.32", 
            "swadesh100": 0.0, 
            "frequency": 245.0, 
            "languages": 1.0, 
            "out_edge": [], 
            "label": "elbow", 
            "concept": "elbow", 
            "weight": 1.0, 
            "body_part": 1.0, 
            "community": 212, 
            "normalized_weight": 1.0, 
            "families": 1.0, 
            "id": "elbow"
        }, 
        {
            "key": "10.412", 
            "languages": 2.0, 
            "out_edge": [], 
            "weight": 2.0, 
            "community": 212, 
            "normalized_weight": 3.361344537815126, 
            "families": 2.0, 
            "id": "kneel"
        }, 
        {
            "key": "4.36", 
            "swadesh100": 1.0, 
            "frequency": 251.0, 
            "languages": 1.0, 
            "out_edge": [], 
            "label": "knee", 
            "concept": "knee", 
            "weight": 1.0, 
            "body_part": 1.0, 
            "community": 212, 
            "normalized_weight": 0.8130081300813009, 
            "families": 1.0, 
            "id": "knee"
        }, 
        {
            "key": "4.312", 
            "swadesh100": 0.0, 
            "frequency": 239.0, 
            "languages": 1.0, 
            "out_edge": [], 
            "label": "armpit", 
            "concept": "armpit", 
            "weight": 1.0, 
            "body_part": 1.0, 
            "community": 212, 
            "normalized_weight": 0.8333333333333334, 
            "families": 1.0, 
            "id": "armpit"
        }
    ], 
    "graph": []
}