{
    "adjacency": [
        [
            {
                "normalized_weight": 4.0, 
                "id": "storm", 
                "languages": 2.0, 
                "weight": 4.0, 
                "families": 2.0, 
                "edge_width": 1.0
            }, 
            {
                "normalized_weight": 495.50561797752806, 
                "id": "wind", 
                "languages": 41.0, 
                "weight": 495.50561797752806, 
                "families": 21.0, 
                "edge_width": 4.4838709677419359
            }
        ], 
        [
            {
                "normalized_weight": 4.0, 
                "id": "air", 
                "languages": 2.0, 
                "weight": 4.0, 
                "families": 2.0, 
                "edge_width": 1.0
            }, 
            {
                "normalized_weight": 22.52252252252252, 
                "id": "wind", 
                "languages": 16.0, 
                "weight": 22.52252252252252, 
                "families": 5.0, 
                "edge_width": 1.1451612903225807
            }
        ], 
        [
            {
                "normalized_weight": 495.50561797752806, 
                "id": "air", 
                "languages": 41.0, 
                "weight": 495.50561797752806, 
                "families": 21.0, 
                "edge_width": 4.4838709677419359
            }, 
            {
                "normalized_weight": 22.52252252252252, 
                "id": "storm", 
                "languages": 16.0, 
                "weight": 22.52252252252252, 
                "families": 5.0, 
                "edge_width": 1.1451612903225807
            }
        ]
    ], 
    "nodes": [
        {
            "out_edge": [
                [
                    "cluster_16_day", 
                    "weather", 
                    7.0, 
                    61.25000000000001
                ], 
                [
                    "cluster_66_smoke (noun)", 
                    "sky", 
                    4.0, 
                    15.238095238095239
                ], 
                [
                    "cluster_233_breathe, breath", 
                    "breathe, breath", 
                    4.0, 
                    15.09433962264151
                ]
            ], 
            "id": "air", 
            "frequency": 207.0, 
            "languages": 4.0, 
            "key": "1.71", 
            "swadesh100": 0.0, 
            "normalized_weight": 15.238095238095239, 
            "body_part": 0.0, 
            "label": "air", 
            "community": 111, 
            "concept": "air", 
            "weight": 4.0, 
            "families": 4.0
        }, 
        {
            "out_edge": [], 
            "id": "storm", 
            "frequency": 262.0, 
            "languages": 1.0, 
            "key": "1.58", 
            "swadesh100": 0.0, 
            "normalized_weight": 0.9090909090909091, 
            "body_part": 0.0, 
            "label": "storm", 
            "community": 111, 
            "concept": "storm", 
            "weight": 1.0, 
            "families": 1.0
        }, 
        {
            "out_edge": [], 
            "id": "wind", 
            "frequency": 259.0, 
            "languages": 1.0, 
            "key": "1.72", 
            "swadesh100": 0.0, 
            "normalized_weight": 0.8, 
            "body_part": 0.0, 
            "label": "wind", 
            "community": 111, 
            "concept": "wind", 
            "weight": 1.0, 
            "families": 1.0
        }
    ], 
    "graph": [], 
    "directed": false, 
    "multigraph": false
}