{
    "directed": false, 
    "adjacency": [
        [
            {
                "weight": 1.6666666666666667, 
                "normalized_weight": 1.6666666666666667, 
                "languages": 1.0, 
                "families": 1.0, 
                "edge_width": 0.5, 
                "id": "goose"
            }, 
            {
                "weight": 1.1363636363636365, 
                "normalized_weight": 1.1363636363636365, 
                "languages": 1.0, 
                "families": 1.0, 
                "edge_width": 0.5, 
                "id": "bat"
            }
        ], 
        [
            {
                "weight": 1.0869565217391304, 
                "normalized_weight": 1.0869565217391304, 
                "languages": 1.0, 
                "families": 1.0, 
                "edge_width": 0.5, 
                "id": "duck"
            }
        ], 
        [
            {
                "weight": 1.6666666666666667, 
                "normalized_weight": 1.6666666666666667, 
                "languages": 1.0, 
                "families": 1.0, 
                "edge_width": 0.5, 
                "id": "yoke"
            }, 
            {
                "weight": 4.597701149425287, 
                "normalized_weight": 4.597701149425287, 
                "languages": 2.0, 
                "families": 2.0, 
                "edge_width": 0.5, 
                "id": "duck"
            }
        ], 
        [
            {
                "weight": 4.597701149425287, 
                "normalized_weight": 4.597701149425287, 
                "languages": 2.0, 
                "families": 2.0, 
                "edge_width": 0.5, 
                "id": "goose"
            }, 
            {
                "weight": 1.0869565217391304, 
                "normalized_weight": 1.0869565217391304, 
                "languages": 1.0, 
                "families": 1.0, 
                "edge_width": 0.5, 
                "id": "seagull"
            }
        ], 
        [
            {
                "weight": 1.1363636363636365, 
                "normalized_weight": 1.1363636363636365, 
                "languages": 1.0, 
                "families": 1.0, 
                "edge_width": 0.5, 
                "id": "yoke"
            }
        ]
    ], 
    "multigraph": false, 
    "nodes": [
        {
            "key": "10.78", 
            "swadesh100": 0.0, 
            "frequency": 150.0, 
            "languages": 1.0, 
            "out_edge": [], 
            "label": "yoke", 
            "concept": "yoke", 
            "weight": 1.0, 
            "body_part": 0.0, 
            "community": 244, 
            "normalized_weight": 1.1363636363636365, 
            "families": 1.0, 
            "id": "yoke"
        }, 
        {
            "key": "3.582", 
            "swadesh100": 0.0, 
            "frequency": 153.0, 
            "languages": 1.0, 
            "out_edge": [], 
            "label": "seagull", 
            "concept": "seagull", 
            "weight": 1.0, 
            "body_part": 0.0, 
            "community": 244, 
            "normalized_weight": 1.0869565217391304, 
            "families": 1.0, 
            "id": "seagull"
        }, 
        {
            "key": "3.56", 
            "languages": 2.0, 
            "out_edge": [], 
            "weight": 2.0, 
            "community": 244, 
            "normalized_weight": 4.597701149425287, 
            "families": 2.0, 
            "id": "goose"
        }, 
        {
            "key": "3.57", 
            "swadesh100": 0.0, 
            "frequency": 229.0, 
            "languages": 1.0, 
            "out_edge": [], 
            "label": "duck", 
            "concept": "duck", 
            "weight": 1.0, 
            "body_part": 0.0, 
            "community": 244, 
            "normalized_weight": 0.9009009009009009, 
            "families": 1.0, 
            "id": "duck"
        }, 
        {
            "key": "3.591", 
            "swadesh100": 0.0, 
            "frequency": 231.0, 
            "label": "bat", 
            "concept": "bat", 
            "body_part": 0.0, 
            "community": 244, 
            "id": "bat", 
            "out_edge": []
        }
    ], 
    "graph": []
}