{"multigraph": false, "directed": false, "graph": [], "nodes": [{"id": "flay, skin", "key": "9.29", "swadesh100": 0, "out_edge": [["cluster_1_fur", "leather", 5.0, 22.727272727272727, "fur"]], "body_part": 0, "community": 153}, {"id": "peel", "key": "5.46", "swadesh100": 0, "out_edge": [["cluster_179_sweep", "scrape", 5.0, 21.551724137931032, "sweep"], ["cluster_1_fur", "skin, hide", 4.0, 13.333333333333334, "fur"]], "body_part": 0, "community": 153}], "adjacency": [[{"families": 23.0, "edge_width": 9.0765306122448983, "weight": 562.7659574468086, "languages": 38.0, "id": "peel"}], [{"families": 23.0, "edge_width": 9.0765306122448983, "weight": 562.7659574468086, "languages": 38.0, "id": "flay, skin"}]]}