{
    "directed": false, 
    "adjacency": [
        [
            {
                "weight": 0.8695652173913043, 
                "normalized_weight": 0.8695652173913043, 
                "languages": 1.0, 
                "families": 1.0, 
                "edge_width": 0.5, 
                "id": "bite"
            }
        ], 
        [
            {
                "weight": 69.23076923076923, 
                "normalized_weight": 69.23076923076923, 
                "languages": 14.0, 
                "families": 9.0, 
                "edge_width": 1.0816326530612246, 
                "id": "bite"
            }
        ], 
        [
            {
                "weight": 0.8695652173913043, 
                "normalized_weight": 0.8695652173913043, 
                "languages": 1.0, 
                "families": 1.0, 
                "edge_width": 0.5, 
                "id": "pillow"
            }, 
            {
                "weight": 69.23076923076923, 
                "normalized_weight": 69.23076923076923, 
                "languages": 14.0, 
                "families": 9.0, 
                "edge_width": 1.0816326530612246, 
                "id": "chew"
            }
        ]
    ], 
    "multigraph": false, 
    "nodes": [
        {
            "key": "7.421", 
            "swadesh100": 0.0, 
            "frequency": 221.0, 
            "languages": 1.0, 
            "out_edge": [], 
            "label": "pillow", 
            "concept": "pillow", 
            "weight": 1.0, 
            "body_part": 0.0, 
            "community": 223, 
            "normalized_weight": 0.8695652173913043, 
            "families": 1.0, 
            "id": "pillow"
        }, 
        {
            "key": "5.18", 
            "swadesh100": 0.0, 
            "frequency": 262.0, 
            "languages": 1.0, 
            "out_edge": [
                [
                    "cluster_14_food", 
                    "eat", 
                    4.0, 
                    13.008130081300814
                ]
            ], 
            "label": "chew", 
            "concept": "chew", 
            "weight": 1.0, 
            "body_part": 0.0, 
            "community": 223, 
            "normalized_weight": 0.9433962264150944, 
            "families": 1.0, 
            "id": "chew"
        }, 
        {
            "key": "4.58", 
            "swadesh100": 1.0, 
            "frequency": 277.0, 
            "languages": 1.0, 
            "out_edge": [
                [
                    "cluster_14_food", 
                    "eat", 
                    6.0, 
                    29.75206611570248
                ]
            ], 
            "label": "bite", 
            "concept": "bite", 
            "weight": 1.0, 
            "body_part": 0.0, 
            "community": 223, 
            "normalized_weight": 0.9433962264150944, 
            "families": 1.0, 
            "id": "bite"
        }
    ], 
    "graph": []
}