{"multigraph": false, "directed": false, "graph": [], "nodes": [{"id": "claw", "key": "4.345", "swadesh100": 1, "out_edge": [["cluster_204_toe", "finger", 6.0, 31.57894736842105, "toe"], ["cluster_204_toe", "toe", 5.0, 22.321428571428573, "toe"]], "body_part": 1, "community": 108}, {"id": "fingernail", "key": "4.344", "swadesh100": 0, "out_edge": [], "body_part": 1, "community": 108}], "adjacency": [[{"families": 35.0, "edge_width": 13.484693877551019, "weight": 1441.1764705882354, "languages": 90.0, "id": "fingernail"}], [{"families": 35.0, "edge_width": 13.484693877551019, "weight": 1441.1764705882354, "languages": 90.0, "id": "claw"}]]}