{
    "directed": false, 
    "adjacency": [
        [
            {
                "weight": 1.4084507042253522, 
                "normalized_weight": 1.4084507042253522, 
                "languages": 1.0, 
                "families": 1.0, 
                "edge_width": 0.5, 
                "id": "silk"
            }
        ], 
        [
            {
                "weight": 1.4084507042253522, 
                "normalized_weight": 1.4084507042253522, 
                "languages": 1.0, 
                "families": 1.0, 
                "edge_width": 0.5, 
                "id": "trousers"
            }, 
            {
                "weight": 1.1627906976744187, 
                "normalized_weight": 1.1627906976744187, 
                "languages": 1.0, 
                "families": 1.0, 
                "edge_width": 0.5, 
                "id": "enter"
            }
        ], 
        [
            {
                "weight": 0.9615384615384616, 
                "normalized_weight": 0.9615384615384616, 
                "languages": 1.0, 
                "families": 1.0, 
                "edge_width": 0.5, 
                "id": "enter"
            }
        ], 
        [
            {
                "weight": 0.9615384615384616, 
                "normalized_weight": 0.9615384615384616, 
                "languages": 1.0, 
                "families": 1.0, 
                "edge_width": 0.5, 
                "id": "freshwater eel"
            }, 
            {
                "weight": 1.1627906976744187, 
                "normalized_weight": 1.1627906976744187, 
                "languages": 1.0, 
                "families": 1.0, 
                "edge_width": 0.5, 
                "id": "silk"
            }
        ]
    ], 
    "multigraph": false, 
    "nodes": [
        {
            "key": "6.48", 
            "languages": 1.0, 
            "out_edge": [], 
            "weight": 1.0, 
            "community": 248, 
            "normalized_weight": 1.36986301369863, 
            "families": 1.0, 
            "id": "trousers"
        }, 
        {
            "key": "6.25", 
            "swadesh100": 0.0, 
            "frequency": 146.0, 
            "languages": 1.0, 
            "out_edge": [], 
            "label": "silk", 
            "concept": "silk", 
            "weight": 1.0, 
            "body_part": 0.0, 
            "community": 248, 
            "normalized_weight": 1.2345679012345678, 
            "families": 1.0, 
            "id": "silk"
        }, 
        {
            "key": "3.665", 
            "swadesh100": 0.0, 
            "frequency": 148.0, 
            "languages": 1.0, 
            "out_edge": [], 
            "label": "freshwater eel", 
            "concept": "freshwater eel", 
            "weight": 1.0, 
            "body_part": 0.0, 
            "community": 248, 
            "normalized_weight": 0.9615384615384616, 
            "families": 1.0, 
            "id": "freshwater eel"
        }, 
        {
            "key": "10.57", 
            "swadesh100": 0.0, 
            "frequency": 286.0, 
            "languages": 1.0, 
            "out_edge": [], 
            "label": "enter", 
            "concept": "enter", 
            "weight": 1.0, 
            "body_part": 0.0, 
            "community": 248, 
            "normalized_weight": 0.8, 
            "families": 1.0, 
            "id": "enter"
        }
    ], 
    "graph": []
}