{
    "adjacency": [
        [
            {
                "normalized_weight": 75.0, 
                "id": "swamp", 
                "languages": 9.0, 
                "weight": 75.0, 
                "families": 9.0, 
                "edge_width": 1.435483870967742
            }, 
            {
                "normalized_weight": 280.58252427184465, 
                "id": "clay", 
                "languages": 38.0, 
                "weight": 280.58252427184465, 
                "families": 17.0, 
                "edge_width": 3.032258064516129
            }
        ], 
        [
            {
                "normalized_weight": 280.58252427184465, 
                "id": "mud", 
                "languages": 38.0, 
                "weight": 280.58252427184465, 
                "families": 17.0, 
                "edge_width": 3.032258064516129
            }, 
            {
                "normalized_weight": 8.181818181818182, 
                "id": "swamp", 
                "languages": 3.0, 
                "weight": 8.181818181818182, 
                "families": 3.0, 
                "edge_width": 1.0
            }
        ], 
        [
            {
                "normalized_weight": 75.0, 
                "id": "mud", 
                "languages": 9.0, 
                "weight": 75.0, 
                "families": 9.0, 
                "edge_width": 1.435483870967742
            }, 
            {
                "normalized_weight": 8.181818181818182, 
                "id": "clay", 
                "languages": 3.0, 
                "weight": 8.181818181818182, 
                "families": 3.0, 
                "edge_width": 1.0
            }
        ]
    ], 
    "nodes": [
        {
            "out_edge": [
                [
                    "cluster_66_smoke (noun)", 
                    "dust", 
                    4.0, 
                    13.445378151260504
                ], 
                [
                    "cluster_2_country", 
                    "earth=ground, soil", 
                    4.0, 
                    13.445378151260504
                ]
            ], 
            "id": "mud", 
            "frequency": 306.0, 
            "languages": 1.0, 
            "key": "1.214", 
            "swadesh100": 0.0, 
            "normalized_weight": 0.9259259259259258, 
            "body_part": 0.0, 
            "label": "mud", 
            "community": 150, 
            "concept": "mud", 
            "weight": 1.0, 
            "families": 1.0
        }, 
        {
            "out_edge": [
                [
                    "cluster_2_country", 
                    "earth=ground, soil", 
                    11.0, 
                    112.03703703703705
                ], 
                [
                    "cluster_2_country", 
                    "earth, land", 
                    7.0, 
                    42.98245614035088
                ], 
                [
                    "cluster_2_country", 
                    "floor", 
                    6.0, 
                    33.64485981308411
                ]
            ], 
            "id": "clay", 
            "frequency": 257.0, 
            "languages": 2.0, 
            "key": "9.73", 
            "swadesh100": 0.0, 
            "normalized_weight": 3.4482758620689653, 
            "body_part": 0.0, 
            "label": "clay", 
            "community": 150, 
            "concept": "clay", 
            "weight": 2.0, 
            "families": 2.0
        }, 
        {
            "out_edge": [
                [
                    "cluster_128_gulf, bay", 
                    "lake", 
                    4.0, 
                    14.285714285714285
                ]
            ], 
            "id": "swamp", 
            "frequency": 271.0, 
            "languages": 1.0, 
            "key": "1.38", 
            "swadesh100": 0.0, 
            "normalized_weight": 1.0101010101010102, 
            "body_part": 0.0, 
            "label": "swamp", 
            "community": 150, 
            "concept": "swamp", 
            "weight": 1.0, 
            "families": 1.0
        }
    ], 
    "graph": [], 
    "directed": false, 
    "multigraph": false
}