{
    "directed": false, 
    "adjacency": [
        [
            {
                "weight": 93.45794392523365, 
                "normalized_weight": 93.45794392523365, 
                "languages": 17.0, 
                "families": 10.0, 
                "edge_width": 1.3724489795918366, 
                "id": "lie, tell lies"
            }, 
            {
                "weight": 46.75324675324675, 
                "normalized_weight": 46.75324675324675, 
                "languages": 6.0, 
                "families": 6.0, 
                "edge_width": 0.88775510204081631, 
                "id": "perjury"
            }
        ], 
        [
            {
                "weight": 93.45794392523365, 
                "normalized_weight": 93.45794392523365, 
                "languages": 17.0, 
                "families": 10.0, 
                "edge_width": 1.3724489795918366, 
                "id": "deceit"
            }, 
            {
                "weight": 97.59036144578313, 
                "normalized_weight": 97.59036144578313, 
                "languages": 9.0, 
                "families": 9.0, 
                "edge_width": 1.3724489795918366, 
                "id": "perjury"
            }
        ], 
        [
            {
                "weight": 97.59036144578313, 
                "normalized_weight": 97.59036144578313, 
                "languages": 9.0, 
                "families": 9.0, 
                "edge_width": 1.3724489795918366, 
                "id": "lie, tell lies"
            }, 
            {
                "weight": 46.75324675324675, 
                "normalized_weight": 46.75324675324675, 
                "languages": 6.0, 
                "families": 6.0, 
                "edge_width": 0.88775510204081631, 
                "id": "deceit"
            }
        ]
    ], 
    "multigraph": false, 
    "nodes": [
        {
            "key": "16.68", 
            "swadesh100": 0.0, 
            "frequency": 252.0, 
            "languages": 1.0, 
            "out_edge": [
                [
                    "cluster_10_betray", 
                    "betray", 
                    6.0, 
                    40.0
                ]
            ], 
            "label": "deceit", 
            "concept": "deceit", 
            "weight": 1.0, 
            "body_part": 0.0, 
            "community": 160, 
            "normalized_weight": 0.8620689655172413, 
            "families": 1.0, 
            "id": "deceit"
        }, 
        {
            "key": "16.67", 
            "swadesh100": 0.0, 
            "frequency": 286.0, 
            "languages": 17.0, 
            "out_edge": [], 
            "label": "lie, tell lies", 
            "concept": "lie, tell lies", 
            "weight": 10.0, 
            "body_part": 0.0, 
            "community": 160, 
            "normalized_weight": 93.45794392523365, 
            "families": 10.0, 
            "id": "lie, tell lies"
        }, 
        {
            "key": "21.47", 
            "swadesh100": 0.0, 
            "frequency": 142.0, 
            "languages": 3.0, 
            "out_edge": [], 
            "label": "perjury", 
            "concept": "perjury", 
            "weight": 3.0, 
            "body_part": 0.0, 
            "community": 160, 
            "normalized_weight": 16.9811320754717, 
            "families": 3.0, 
            "id": "perjury"
        }
    ], 
    "graph": []
}