{
    "directed": false, 
    "adjacency": [
        [
            {
                "weight": 1475.9036144578313, 
                "normalized_weight": 1475.9036144578313, 
                "languages": 70.0, 
                "families": 35.0, 
                "edge_width": 9.0306122448979593, 
                "id": "road"
            }
        ], 
        [
            {
                "weight": 1475.9036144578313, 
                "normalized_weight": 1475.9036144578313, 
                "languages": 70.0, 
                "families": 35.0, 
                "edge_width": 9.0306122448979593, 
                "id": "path"
            }
        ]
    ], 
    "multigraph": false, 
    "nodes": [
        {
            "key": "10.72", 
            "swadesh100": 0.0, 
            "frequency": 268.0, 
            "languages": 1.0, 
            "out_edge": [
                [
                    "cluster_254_door, gate", 
                    "door, gate", 
                    4.0, 
                    14.15929203539823
                ]
            ], 
            "label": "path", 
            "concept": "path", 
            "weight": 1.0, 
            "body_part": 0.0, 
            "community": 119, 
            "normalized_weight": 0.9009009009009009, 
            "families": 1.0, 
            "id": "path"
        }, 
        {
            "key": "10.71", 
            "swadesh100": 1.0, 
            "frequency": 261.0, 
            "languages": 1.0, 
            "out_edge": [
                [
                    "cluster_182_custom", 
                    "way, manner", 
                    5.0, 
                    26.881720430107524
                ]
            ], 
            "label": "road", 
            "concept": "road", 
            "weight": 1.0, 
            "body_part": 0.0, 
            "community": 119, 
            "normalized_weight": 0.9900990099009901, 
            "families": 1.0, 
            "id": "road"
        }
    ], 
    "graph": []
}