{
    "directed": false, 
    "adjacency": [
        [
            {
                "weight": 0.7874015748031495, 
                "normalized_weight": 0.7874015748031495, 
                "languages": 1.0, 
                "families": 1.0, 
                "edge_width": 0.5, 
                "id": "red"
            }, 
            {
                "weight": 20.833333333333336, 
                "normalized_weight": 20.833333333333336, 
                "languages": 7.0, 
                "families": 5.0, 
                "edge_width": 0.69387755102040816, 
                "id": "yellow"
            }, 
            {
                "weight": 3.1746031746031744, 
                "normalized_weight": 3.1746031746031744, 
                "languages": 2.0, 
                "families": 2.0, 
                "edge_width": 0.5, 
                "id": "blood"
            }
        ], 
        [
            {
                "weight": 20.833333333333336, 
                "normalized_weight": 20.833333333333336, 
                "languages": 7.0, 
                "families": 5.0, 
                "edge_width": 0.69387755102040816, 
                "id": "red"
            }, 
            {
                "weight": 14.953271028037381, 
                "normalized_weight": 14.953271028037381, 
                "languages": 8.0, 
                "families": 4.0, 
                "edge_width": 0.59693877551020402, 
                "id": "egg yolk"
            }
        ], 
        [
            {
                "weight": 14.953271028037381, 
                "normalized_weight": 14.953271028037381, 
                "languages": 8.0, 
                "families": 4.0, 
                "edge_width": 0.59693877551020402, 
                "id": "yellow"
            }
        ], 
        [
            {
                "weight": 3.1746031746031744, 
                "normalized_weight": 3.1746031746031744, 
                "languages": 2.0, 
                "families": 2.0, 
                "edge_width": 0.5, 
                "id": "red"
            }
        ]
    ], 
    "multigraph": false, 
    "nodes": [
        {
            "key": "15.66", 
            "swadesh100": 1.0, 
            "frequency": 273.0, 
            "languages": 1.0, 
            "out_edge": [], 
            "label": "red", 
            "concept": "red", 
            "weight": 1.0, 
            "body_part": 0.0, 
            "community": 228, 
            "normalized_weight": 0.9708737864077669, 
            "families": 1.0, 
            "id": "red"
        }, 
        {
            "key": "15.69", 
            "swadesh100": 1.0, 
            "frequency": 242.0, 
            "languages": 1.0, 
            "out_edge": [
                [
                    "cluster_46_blue", 
                    "green", 
                    6.0, 
                    30.508474576271187
                ]
            ], 
            "label": "yellow", 
            "concept": "yellow", 
            "weight": 1.0, 
            "body_part": 0.0, 
            "community": 228, 
            "normalized_weight": 0.847457627118644, 
            "families": 1.0, 
            "id": "yellow"
        }, 
        {
            "key": "5.971", 
            "swadesh100": 0.0, 
            "frequency": 193.0, 
            "languages": 1.0, 
            "out_edge": [], 
            "label": "egg yolk", 
            "concept": "egg yolk", 
            "weight": 1.0, 
            "body_part": 0.0, 
            "community": 228, 
            "normalized_weight": 0.8928571428571428, 
            "families": 1.0, 
            "id": "egg yolk"
        }, 
        {
            "key": "4.15", 
            "swadesh100": 1.0, 
            "frequency": 251.0, 
            "languages": 1.0, 
            "out_edge": [], 
            "label": "blood", 
            "concept": "blood", 
            "weight": 1.0, 
            "body_part": 1.0, 
            "community": 228, 
            "normalized_weight": 0.8130081300813009, 
            "families": 1.0, 
            "id": "blood"
        }
    ], 
    "graph": []
}