{
    "graph": [], 
    "multigraph": false, 
    "nodes": [
        {
            "body_part": 0.0, 
            "languages": 1.0, 
            "weight": 1.0, 
            "swadesh100": 0.0, 
            "families": 1.0, 
            "concept": "flay, skin", 
            "key": "9.29", 
            "id": "flay, skin", 
            "community": 153, 
            "out_edge": [
                [
                    "cluster_1_fur", 
                    "leather", 
                    5.0, 
                    22.727272727272727
                ]
            ], 
            "normalized_weight": 0.8849557522123894, 
            "label": "flay, skin", 
            "frequency": 248.0
        }, 
        {
            "body_part": 0.0, 
            "languages": 1.0, 
            "weight": 1.0, 
            "swadesh100": 0.0, 
            "families": 1.0, 
            "concept": "peel", 
            "key": "5.46", 
            "id": "peel", 
            "community": 153, 
            "out_edge": [
                [
                    "cluster_179_rub, wipe", 
                    "scrape", 
                    5.0, 
                    21.551724137931032
                ], 
                [
                    "cluster_1_fur", 
                    "skin, hide", 
                    4.0, 
                    13.333333333333334
                ]
            ], 
            "normalized_weight": 0.8333333333333334, 
            "label": "peel", 
            "frequency": 293.0
        }
    ], 
    "directed": false, 
    "adjacency": [
        [
            {
                "languages": 38.0, 
                "normalized_weight": 562.7659574468086, 
                "weight": 562.7659574468086, 
                "edge_width": 3.9117647058823528, 
                "families": 23.0, 
                "id": "peel"
            }
        ], 
        [
            {
                "languages": 38.0, 
                "normalized_weight": 562.7659574468086, 
                "weight": 562.7659574468086, 
                "edge_width": 3.9117647058823528, 
                "families": 23.0, 
                "id": "flay, skin"
            }
        ]
    ]
}