{"graph": [], "nodes": [{"swadesh100": 0, "out_edge": [], "body_part": 1, "key": "4.344", "community": 108, "id": "fingernail"}, {"swadesh100": 1, "out_edge": [["cluster_203_toe", "finger", 6.0, 31.57894736842105, "toe"], ["cluster_203_toe", "toe", 5.0, 22.321428571428573, "toe"]], "body_part": 1, "key": "4.345", "community": 108, "id": "claw"}], "adjacency": [[{"languages": 90.0, "edge_width": 13.484693877551019, "weight": 1441.1764705882354, "families": 35.0, "id": "claw"}], [{"languages": 90.0, "edge_width": 13.484693877551019, "weight": 1441.1764705882354, "families": 35.0, "id": "fingernail"}]], "multigraph": false, "directed": false}