{
    "adjacency": [
        [
            {
                "languages": 90.0, 
                "id": "claw", 
                "edge_width": 7.882352941176471, 
                "weight": 1441.1764705882354, 
                "families": 35.0
            }
        ], 
        [
            {
                "languages": 90.0, 
                "id": "fingernail", 
                "edge_width": 7.882352941176471, 
                "weight": 1441.1764705882354, 
                "families": 35.0
            }
        ]
    ], 
    "directed": false, 
    "multigraph": false, 
    "nodes": [
        {
            "swadesh100": 0, 
            "body_part": 1, 
            "out_edge": [], 
            "community": 108, 
            "id": "fingernail", 
            "key": "4.344"
        }, 
        {
            "swadesh100": 1, 
            "body_part": 1, 
            "out_edge": [
                [
                    "cluster_204_toe", 
                    "finger", 
                    6.0, 
                    31.57894736842105
                ], 
                [
                    "cluster_204_toe", 
                    "toe", 
                    5.0, 
                    22.321428571428573
                ]
            ], 
            "community": 108, 
            "id": "claw", 
            "key": "4.345"
        }
    ], 
    "graph": []
}