{
    "graph": [], 
    "multigraph": false, 
    "nodes": [
        {
            "languages": 45.0, 
            "weight": 27.0, 
            "families": 27.0, 
            "key": "2.22", 
            "id": "woman", 
            "community": 18, 
            "out_edge": [
                [
                    "cluster_44_lamb", 
                    "ewe", 
                    5.0, 
                    26.595744680851062
                ], 
                [
                    "cluster_31_sow", 
                    "sow", 
                    5.0, 
                    24.752475247524753
                ], 
                [
                    "cluster_51_cattle (bovine)", 
                    "cow", 
                    4.0, 
                    15.53398058252427
                ]
            ], 
            "normalized_weight": 783.8709677419355
        }, 
        {
            "body_part": 0.0, 
            "languages": 1.0, 
            "weight": 1.0, 
            "swadesh100": 0.0, 
            "families": 1.0, 
            "concept": "female (adj)", 
            "key": "3.13", 
            "id": "female (adj)", 
            "community": 18, 
            "out_edge": [
                [
                    "cluster_44_lamb", 
                    "ewe", 
                    7.0, 
                    58.333333333333336
                ], 
                [
                    "cluster_31_sow", 
                    "sow", 
                    6.0, 
                    39.130434782608695
                ], 
                [
                    "cluster_51_cattle (bovine)", 
                    "cow", 
                    6.0, 
                    38.70967741935484
                ]
            ], 
            "normalized_weight": 0.9090909090909091, 
            "label": "female (adj)", 
            "frequency": 214.0
        }, 
        {
            "body_part": 0.0, 
            "languages": 12.0, 
            "weight": 10.0, 
            "swadesh100": 0.0, 
            "families": 10.0, 
            "concept": "wife", 
            "key": "2.32", 
            "id": "wife", 
            "community": 18, 
            "out_edge": [
                [
                    "cluster_5_man (vs. woman)", 
                    "husband", 
                    11.0, 
                    106.14035087719299
                ]
            ], 
            "normalized_weight": 91.74311926605505, 
            "label": "wife", 
            "frequency": 302.0
        }, 
        {
            "body_part": 0.0, 
            "languages": 97.0, 
            "weight": 35.0, 
            "swadesh100": 0.0, 
            "families": 35.0, 
            "concept": "female", 
            "key": "2.24", 
            "id": "female", 
            "community": 18, 
            "out_edge": [
                [
                    "cluster_44_lamb", 
                    "ewe", 
                    6.0, 
                    42.35294117647059
                ], 
                [
                    "cluster_51_cattle (bovine)", 
                    "cow", 
                    6.0, 
                    38.70967741935484
                ], 
                [
                    "cluster_31_sow", 
                    "sow", 
                    5.0, 
                    26.881720430107524
                ]
            ], 
            "normalized_weight": 1590.9090909090908, 
            "label": "female", 
            "frequency": 233.0
        }, 
        {
            "body_part": 0.0, 
            "languages": 1.0, 
            "weight": 1.0, 
            "swadesh100": 0.0, 
            "families": 1.0, 
            "concept": "mare", 
            "key": "3.44", 
            "id": "mare", 
            "community": 18, 
            "out_edge": [
                [
                    "cluster_44_lamb", 
                    "ewe", 
                    6.0, 
                    52.17391304347826
                ], 
                [
                    "cluster_5_man (vs. woman)", 
                    "horse (equine)", 
                    5.0, 
                    35.2112676056338
                ], 
                [
                    "cluster_5_man (vs. woman)", 
                    "stallion", 
                    4.0, 
                    21.333333333333336
                ]
            ], 
            "normalized_weight": 1.1235955056179776, 
            "label": "mare", 
            "frequency": 172.0
        }, 
        {
            "body_part": 0.0, 
            "languages": 1.0, 
            "weight": 1.0, 
            "swadesh100": 0.0, 
            "families": 1.0, 
            "concept": "married woman", 
            "key": "2.39", 
            "id": "married woman", 
            "community": 18, 
            "out_edge": [
                [
                    "cluster_5_man (vs. woman)", 
                    "married man", 
                    4.0, 
                    17.02127659574468
                ]
            ], 
            "normalized_weight": 0.9009009009009009, 
            "label": "married woman", 
            "frequency": 187.0
        }
    ], 
    "directed": false, 
    "adjacency": [
        [
            {
                "languages": 8.0, 
                "normalized_weight": 66.66666666666666, 
                "weight": 66.66666666666666, 
                "edge_width": 1.2647058823529411, 
                "families": 8.0, 
                "id": "mare"
            }, 
            {
                "languages": 5.0, 
                "normalized_weight": 22.93577981651376, 
                "weight": 22.93577981651376, 
                "edge_width": 1.0, 
                "families": 5.0, 
                "id": "married woman"
            }, 
            {
                "languages": 45.0, 
                "normalized_weight": 783.8709677419355, 
                "weight": 783.8709677419355, 
                "edge_width": 4.9705882352941178, 
                "families": 27.0, 
                "id": "female (adj)"
            }, 
            {
                "languages": 62.0, 
                "normalized_weight": 460.9523809523809, 
                "weight": 460.9523809523809, 
                "edge_width": 3.3823529411764706, 
                "families": 22.0, 
                "id": "wife"
            }, 
            {
                "languages": 71.0, 
                "normalized_weight": 1163.6363636363637, 
                "weight": 1163.6363636363637, 
                "edge_width": 6.5588235294117645, 
                "families": 32.0, 
                "id": "female"
            }
        ], 
        [
            {
                "languages": 13.0, 
                "normalized_weight": 171.42857142857142, 
                "weight": 171.42857142857142, 
                "edge_width": 1.7941176470588236, 
                "families": 12.0, 
                "id": "mare"
            }, 
            {
                "languages": 45.0, 
                "normalized_weight": 783.8709677419355, 
                "weight": 783.8709677419355, 
                "edge_width": 4.9705882352941178, 
                "families": 27.0, 
                "id": "woman"
            }, 
            {
                "languages": 1.0, 
                "normalized_weight": 0.9523809523809524, 
                "weight": 0.9523809523809524, 
                "edge_width": 1.0, 
                "families": 1.0, 
                "id": "married woman"
            }, 
            {
                "languages": 12.0, 
                "normalized_weight": 91.74311926605505, 
                "weight": 91.74311926605505, 
                "edge_width": 1.2647058823529411, 
                "families": 10.0, 
                "id": "wife"
            }, 
            {
                "languages": 97.0, 
                "normalized_weight": 1590.9090909090908, 
                "weight": 1590.9090909090908, 
                "edge_width": 8.6764705882352935,