{
    "adjacency": [
        [
            {
                "languages": 32.0, 
                "id": "place", 
                "edge_width": 2.5882352941176472, 
                "weight": 321.11111111111114, 
                "families": 17.0
            }
        ], 
        [
            {
                "languages": 32.0, 
                "id": "after", 
                "edge_width": 2.5882352941176472, 
                "weight": 321.11111111111114, 
                "families": 17.0
            }
        ]
    ], 
    "directed": false, 
    "multigraph": false, 
    "nodes": [
        {
            "swadesh100": 0, 
            "body_part": 0, 
            "out_edge": [], 
            "community": 135, 
            "id": "after", 
            "key": "12.1"
        }, 
        {
            "swadesh100": 0, 
            "body_part": 0, 
            "out_edge": [
                [
                    "cluster_2_country", 
                    "earth, land", 
                    8.0, 
                    53.78151260504202
                ], 
                [
                    "cluster_35_finish", 
                    "last", 
                    6.0, 
                    31.30434782608696
                ], 
                [
                    "cluster_2_country", 
                    "country", 
                    5.0, 
                    23.14814814814815
                ]
            ], 
            "community": 135, 
            "id": "place", 
            "key": "12.11"
        }
    ], 
    "graph": []
}