{
    "directed": false, 
    "adjacency": [
        [
            {
                "weight": 1.0101010101010102, 
                "normalized_weight": 1.0101010101010102, 
                "languages": 1.0, 
                "families": 1.0, 
                "edge_width": 0.5, 
                "id": "sea"
            }, 
            {
                "weight": 1293.8461538461538, 
                "normalized_weight": 1293.8461538461538, 
                "languages": 58.0, 
                "families": 29.0, 
                "edge_width": 8.3520408163265305, 
                "id": "ocean"
            }
        ], 
        [
            {
                "weight": 1293.8461538461538, 
                "normalized_weight": 1293.8461538461538, 
                "languages": 58.0, 
                "families": 29.0, 
                "edge_width": 8.3520408163265305, 
                "id": "sea"
            }
        ]
    ], 
    "multigraph": false, 
    "nodes": [
        {
            "key": "1.32", 
            "swadesh100": 0.0, 
            "frequency": 215.0, 
            "languages": 1.0, 
            "out_edge": [
                [
                    "cluster_128_gulf, bay", 
                    "lake", 
                    7.0, 
                    47.11538461538461
                ], 
                [
                    "cluster_65_river, stream, brook", 
                    "river, stream, brook", 
                    4.0, 
                    14.545454545454545
                ]
            ], 
            "label": "sea", 
            "concept": "sea", 
            "weight": 1.0, 
            "body_part": 0.0, 
            "community": 126, 
            "normalized_weight": 0.9433962264150944, 
            "families": 1.0, 
            "id": "sea"
        }, 
        {
            "key": "1.329", 
            "swadesh100": 0.0, 
            "frequency": 188.0, 
            "languages": 1.0, 
            "out_edge": [
                [
                    "cluster_128_gulf, bay", 
                    "lake", 
                    5.0, 
                    25.0
                ]
            ], 
            "label": "ocean", 
            "concept": "ocean", 
            "weight": 1.0, 
            "body_part": 0.0, 
            "community": 126, 
            "normalized_weight": 0.9433962264150944, 
            "families": 1.0, 
            "id": "ocean"
        }
    ], 
    "graph": []
}