{"nodes": [{"community": 120, "id": "path", "key": "10.72", "out_edge": [["cluster_254_window", "door, gate", 4.0, 14.15929203539823]], "swadesh100": 0, "body_part": 0}, {"community": 120, "id": "road", "key": "10.71", "out_edge": [["cluster_182_custom", "way, manner", 5.0, 26.881720430107524]], "swadesh100": 1, "body_part": 0}], "graph": [], "directed": false, "adjacency": [[{"edge_width": 10.475806451612902, "id": "road", "languages": 70.0, "families": 35.0, "weight": 1475.9036144578313}], [{"edge_width": 10.475806451612902, "id": "path", "languages": 70.0, "families": 35.0, "weight": 1475.9036144578313}]], "multigraph": false}