{
    "directed": false, 
    "adjacency": [
        [
            {
                "weight": 0.8264462809917356, 
                "normalized_weight": 0.8264462809917356, 
                "languages": 1.0, 
                "families": 1.0, 
                "edge_width": 0.5, 
                "id": "penis"
            }
        ], 
        [
            {
                "weight": 0.9009009009009009, 
                "normalized_weight": 0.9009009009009009, 
                "languages": 1.0, 
                "families": 1.0, 
                "edge_width": 0.5, 
                "id": "penis"
            }
        ], 
        [
            {
                "weight": 0.8264462809917356, 
                "normalized_weight": 0.8264462809917356, 
                "languages": 1.0, 
                "families": 1.0, 
                "edge_width": 0.5, 
                "id": "dove"
            }, 
            {
                "weight": 3.225806451612903, 
                "normalized_weight": 3.225806451612903, 
                "languages": 4.0, 
                "families": 2.0, 
                "edge_width": 0.5, 
                "id": "tail"
            }, 
            {
                "weight": 0.9009009009009009, 
                "normalized_weight": 0.9009009009009009, 
                "languages": 1.0, 
                "families": 1.0, 
                "edge_width": 0.5, 
                "id": "gums"
            }
        ], 
        [
            {
                "weight": 0.8403361344537815, 
                "normalized_weight": 0.8403361344537815, 
                "languages": 1.0, 
                "families": 1.0, 
                "edge_width": 0.5, 
                "id": "tail"
            }
        ], 
        [
            {
                "weight": 3.225806451612903, 
                "normalized_weight": 3.225806451612903, 
                "languages": 4.0, 
                "families": 2.0, 
                "edge_width": 0.5, 
                "id": "penis"
            }, 
            {
                "weight": 0.8403361344537815, 
                "normalized_weight": 0.8403361344537815, 
                "languages": 1.0, 
                "families": 1.0, 
                "edge_width": 0.5, 
                "id": "deer"
            }
        ]
    ], 
    "multigraph": false, 
    "nodes": [
        {
            "key": "3.594", 
            "swadesh100": 0.0, 
            "frequency": 249.0, 
            "label": "dove", 
            "concept": "dove", 
            "body_part": 0.0, 
            "community": 241, 
            "id": "dove", 
            "out_edge": []
        }, 
        {
            "key": "4.271", 
            "swadesh100": 0.0, 
            "frequency": 211.0, 
            "languages": 1.0, 
            "out_edge": [], 
            "label": "gums", 
            "concept": "gums", 
            "weight": 1.0, 
            "body_part": 1.0, 
            "community": 241, 
            "normalized_weight": 0.9523809523809524, 
            "families": 1.0, 
            "id": "gums"
        }, 
        {
            "key": "4.492", 
            "swadesh100": 0.0, 
            "frequency": 303.0, 
            "languages": 1.0, 
            "out_edge": [
                [
                    "cluster_37_fowl", 
                    "bird", 
                    4.0, 
                    13.114754098360656
                ]
            ], 
            "label": "penis", 
            "concept": "penis", 
            "weight": 1.0, 
            "body_part": 1.0, 
            "community": 241, 
            "normalized_weight": 0.9803921568627451, 
            "families": 1.0, 
            "id": "penis"
        }, 
        {
            "key": "3.75", 
            "swadesh100": 0.0, 
            "frequency": 265.0, 
            "languages": 1.0, 
            "out_edge": [], 
            "label": "deer", 
            "concept": "deer", 
            "weight": 1.0, 
            "body_part": 0.0, 
            "community": 241, 
            "normalized_weight": 0.8403361344537815, 
            "families": 1.0, 
            "id": "deer"
        }, 
        {
            "key": "4.18", 
            "swadesh100": 1.0, 
            "frequency": 264.0, 
            "languages": 1.0, 
            "out_edge": [], 
            "label": "tail", 
            "concept": "tail", 
            "weight": 1.0, 
            "body_part": 1.0, 
            "community": 241, 
            "normalized_weight": 0.9174311926605505, 
            "families": 1.0, 
            "id": "tail"
        }
    ], 
    "graph": []
}