{
    "directed": false, 
    "multigraph": false, 
    "nodes": [
        {
            "concept": "path", 
            "normalized_weight": 0.9009009009009009, 
            "families": 1.0, 
            "body_part": 0.0, 
            "key": "10.72", 
            "label": "path", 
            "swadesh100": 0.0, 
            "frequency": 268.0, 
            "weight": 1.0, 
            "community": 120, 
            "out_edge": [
                [
                    "cluster_253_door, gate", 
                    "door, gate", 
                    4.0, 
                    14.15929203539823
                ]
            ], 
            "id": "path", 
            "languages": 1.0
        }, 
        {
            "concept": "road", 
            "normalized_weight": 0.9900990099009901, 
            "families": 1.0, 
            "body_part": 0.0, 
            "key": "10.71", 
            "label": "road", 
            "swadesh100": 1.0, 
            "frequency": 261.0, 
            "weight": 1.0, 
            "community": 120, 
            "out_edge": [
                [
                    "cluster_182_custom", 
                    "way, manner", 
                    5.0, 
                    26.881720430107524
                ]
            ], 
            "id": "road", 
            "languages": 1.0
        }
    ], 
    "adjacency": [
        [
            {
                "weight": 1475.9036144578313, 
                "normalized_weight": 1475.9036144578313, 
                "families": 35.0, 
                "id": "road", 
                "edge_width": 9.0816326530612255, 
                "languages": 70.0
            }
        ], 
        [
            {
                "weight": 1475.9036144578313, 
                "normalized_weight": 1475.9036144578313, 
                "families": 35.0, 
                "id": "path", 
                "edge_width": 9.0816326530612255, 
                "languages": 70.0
            }
        ]
    ], 
    "graph": []
}