{
    "directed": false, 
    "adjacency": [
        [
            {
                "weight": 321.11111111111114, 
                "normalized_weight": 321.11111111111114, 
                "languages": 32.0, 
                "families": 17.0, 
                "edge_width": 3.6020408163265305, 
                "id": "place"
            }
        ], 
        [
            {
                "weight": 321.11111111111114, 
                "normalized_weight": 321.11111111111114, 
                "languages": 32.0, 
                "families": 17.0, 
                "edge_width": 3.6020408163265305, 
                "id": "after"
            }
        ]
    ], 
    "multigraph": false, 
    "nodes": [
        {
            "key": "12.1", 
            "swadesh100": 0.0, 
            "frequency": 227.0, 
            "languages": 1.0, 
            "out_edge": [], 
            "label": "after", 
            "concept": "after", 
            "weight": 1.0, 
            "body_part": 0.0, 
            "community": 135, 
            "normalized_weight": 1.1363636363636365, 
            "families": 1.0, 
            "id": "after"
        }, 
        {
            "key": "12.11", 
            "swadesh100": 0.0, 
            "frequency": 559.0, 
            "languages": 3.0, 
            "out_edge": [
                [
                    "cluster_2_country", 
                    "earth, land", 
                    8.0, 
                    53.78151260504202
                ], 
                [
                    "cluster_35_finish", 
                    "last", 
                    6.0, 
                    31.30434782608696
                ], 
                [
                    "cluster_2_country", 
                    "country", 
                    5.0, 
                    23.14814814814815
                ]
            ], 
            "label": "place", 
            "concept": "place", 
            "weight": 3.0, 
            "body_part": 0.0, 
            "community": 135, 
            "normalized_weight": 7.964601769911504, 
            "families": 3.0, 
            "id": "place"
        }
    ], 
    "graph": []
}