{
    "adjacency": [
        [
            {
                "languages": 70.0, 
                "id": "path", 
                "edge_width": 8.147058823529413, 
                "weight": 1475.9036144578313, 
                "families": 35.0
            }
        ], 
        [
            {
                "languages": 70.0, 
                "id": "road", 
                "edge_width": 8.147058823529413, 
                "weight": 1475.9036144578313, 
                "families": 35.0
            }
        ]
    ], 
    "directed": false, 
    "multigraph": false, 
    "nodes": [
        {
            "swadesh100": 1, 
            "body_part": 0, 
            "out_edge": [
                [
                    "cluster_182_custom", 
                    "way, manner", 
                    5.0, 
                    26.881720430107524
                ]
            ], 
            "community": 120, 
            "id": "road", 
            "key": "10.71"
        }, 
        {
            "swadesh100": 0, 
            "body_part": 0, 
            "out_edge": [
                [
                    "cluster_253_door, gate", 
                    "door, gate", 
                    4.0, 
                    14.15929203539823
                ]
            ], 
            "community": 120, 
            "id": "path", 
            "key": "10.72"
        }
    ], 
    "graph": []
}