{
    "directed": false, 
    "adjacency": [
        [
            {
                "weight": 967.9012345679013, 
                "normalized_weight": 967.9012345679013, 
                "languages": 66.0, 
                "families": 28.0, 
                "edge_width": 7.5765306122448974, 
                "id": "own, possess"
            }
        ], 
        [
            {
                "weight": 967.9012345679013, 
                "normalized_weight": 967.9012345679013, 
                "languages": 66.0, 
                "families": 28.0, 
                "edge_width": 7.5765306122448974, 
                "id": "have"
            }
        ]
    ], 
    "multigraph": false, 
    "nodes": [
        {
            "key": "11.11", 
            "swadesh100": 0.0, 
            "frequency": 233.0, 
            "languages": 1.0, 
            "out_edge": [
                [
                    "cluster_3_get, obtain", 
                    "hold", 
                    9.0, 
                    78.64077669902912
                ], 
                [
                    "cluster_45_preserve, look after", 
                    "keep, retain", 
                    8.0, 
                    63.366336633663366
                ], 
                [
                    "cluster_23_carry (bear)", 
                    "carry-in-hand", 
                    4.0, 
                    15.841584158415841
                ]
            ], 
            "label": "have", 
            "concept": "have", 
            "weight": 1.0, 
            "body_part": 0.0, 
            "community": 116, 
            "normalized_weight": 0.8695652173913043, 
            "families": 1.0, 
            "id": "have"
        }, 
        {
            "key": "11.12", 
            "swadesh100": 0.0, 
            "frequency": 234.0, 
            "languages": 1.0, 
            "out_edge": [
                [
                    "cluster_45_preserve, look after", 
                    "keep, retain", 
                    9.0, 
                    83.50515463917526
                ], 
                [
                    "cluster_3_get, obtain", 
                    "hold", 
                    9.0, 
                    81.0
                ], 
                [
                    "cluster_69_king, ruler", 
                    "master", 
                    4.0, 
                    16.3265306122449
                ]
            ], 
            "label": "own, possess", 
            "concept": "own, possess", 
            "weight": 1.0, 
            "body_part": 0.0, 
            "community": 116, 
            "normalized_weight": 1.098901098901099, 
            "families": 1.0, 
            "id": "own, possess"
        }
    ], 
    "graph": []
}