{
    "adjacency": [
        [
            {
                "languages": 38.0, 
                "id": "flay, skin", 
                "edge_width": 3.9117647058823528, 
                "weight": 562.7659574468086, 
                "families": 23.0
            }
        ], 
        [
            {
                "languages": 38.0, 
                "id": "peel", 
                "edge_width": 3.9117647058823528, 
                "weight": 562.7659574468086, 
                "families": 23.0
            }
        ]
    ], 
    "directed": false, 
    "multigraph": false, 
    "nodes": [
        {
            "swadesh100": 0, 
            "body_part": 0, 
            "out_edge": [
                [
                    "cluster_179_sweep", 
                    "scrape", 
                    5.0, 
                    21.551724137931032
                ], 
                [
                    "cluster_1_fur", 
                    "skin, hide", 
                    4.0, 
                    13.333333333333334
                ]
            ], 
            "community": 153, 
            "id": "peel", 
            "key": "5.46"
        }, 
        {
            "swadesh100": 0, 
            "body_part": 0, 
            "out_edge": [
                [
                    "cluster_1_fur", 
                    "leather", 
                    5.0, 
                    22.727272727272727
                ]
            ], 
            "community": 153, 
            "id": "flay, skin", 
            "key": "9.29"
        }
    ], 
    "graph": []
}